market_id,condition_id,wallet,category,timestamp,timestamp_utc,side,outcome,outcome_index,asset_id,price,size_shares,notional_usdc,transaction_hash,source_file,source_row
716642,0xba30e5d26c0a2086c7c4bf464fe5c8bf0378a3395f687c571c2d09bc42769db8,0x7c9e0b03d7505dad7e87777cd282628f75b2db3d,Crypto,1788958635,2026-09-09T12:57:15+00:00,SELL,Yes,0,11839168084840622249119854938968216569778924691672033683793489339701753383298,0.04,35.55,1.422,0xd585c66fcc620bb7ca121ef1e0898ab86d8fbdce4ea7de4b20091488852c8b3b,wallet_activity_0.json,0
716642,0xba30e5d26c0a2086c7c4bf464fe5c8bf0378a3395f687c571c2d09bc42769db8,0x7c9e0b03d7505dad7e87777cd282628f75b2db3d,Crypto,1788958627,2026-09-09T12:57:07+00:00,SELL,Yes,0,11839168084840622249119854938968216569778924691672033683793489339701753383298,0.04,32.24,1.2896,0x3255f8b8f5f15dbb1e8b10508daa75ac6a73dad6a417534b15c6f110174dec71,wallet_activity_0.json,1
716642,0xba30e5d26c0a2086c7c4bf464fe5c8bf0378a3395f687c571c2d09bc42769db8,0x7c9e0b03d7505dad7e87777cd282628f75b2db3d,Crypto,1788958359,2026-09-09T12:52:39+00:00,SELL,Yes,0,11839168084840622249119854938968216569778924691672033683793489339701753383298,0.04,50.0,2.0,0x6184ab2f0088d07cf8413553baf8a88817ce12c0811a1cd77c2c129f718e1fae,wallet_activity_0.json,2
716642,0xba30e5d26c0a2086c7c4bf464fe5c8bf0378a3395f687c571c2d09bc42769db8,0x7c9e0b03d7505dad7e87777cd282628f75b2db3d,Crypto,1788958038,2026-09-09T12:47:18+00:00,SELL,Yes,0,11839168084840622249119854938968216569778924691672033683793489339701753383298,0.04,60.0,2.4,0x5fe75a3457dc6a0cbee65dff5d57c4f2e0fff09b9c3e403e2d173be4985ea253,wallet_activity_0.json,3
716642,0xba30e5d26c0a2086c7c4bf464fe5c8bf0378a3395f687c571c2d09bc42769db8,0x7c9e0b03d7505dad7e87777cd282628f75b2db3d,Crypto,1788958035,2026-09-09T12:47:15+00:00,SELL,Yes,0,11839168084840622249119854938968216569778924691672033683793489339701753383298,0.04,20.0,0.8,0x82a55cdfedaeb1609159525bcec4d4465330cc3178435551038b87854babf159,wallet_activity_0.json,4
1962606,0x9ddae4ff01088555d2a7f99abf31532627c97e7452ec2a423f15da4076cce215,0x7c9e0b03d7505dad7e87777cd282628f75b2db3d,Crypto,1788941955,2026-09-09T08:19:15+00:00,BUY,Yes,0,23903671779153162165108784899663776080402345515038245965507400493542389653285,0.02,71.59,1.4318000000000002,0xfbd362ffecf74dee8a45f6ab4b3b52a670a1b58d627f56d043608d7b036c156f,wallet_activity_0.json,5
3860598,0xb1d7745a48bfca30e337914cfcf7d00d011c9472c2e5b0db8c0008a9103b5e65,0x7c9e0b03d7505dad7e87777cd282628f75b2db3d,Geopolitics,1788934099,2026-09-09T06:08:19+00:00,SELL,Yes,0,65652519334685648598019352081870097254902147226552798670373539371868569926978,0.04,62.02,2.4808000000000003,0x539e76bb5ec351259996637d12949cd9b1e11556d7dbb71cb83accb48bf31643,wallet_activity_0.json,6
3860598,0xb1d7745a48bfca30e337914cfcf7d00d011c9472c2e5b0db8c0008a9103b5e65,0x7c9e0b03d7505dad7e87777cd282628f75b2db3d,Geopolitics,1788933087,2026-09-09T05:51:27+00:00,SELL,Yes,0,65652519334685648598019352081870097254902147226552798670373539371868569926978,0.0417163799,937.98,39.129130018602005,0x8388b19f88a866f58fab2fba73ffff8ab38b4198b912a55c0b27437d60babb58,wallet_activity_0.json,7
667086,0x032e40c71875723c5878c4385458f17aa5a6e90f6bb5c92fd75cf13a5a8ea3d4,0x7c9e0b03d7505dad7e87777cd282628f75b2db3d,Geopolitics;Politics,1788933022,2026-09-09T05:50:22+00:00,SELL,No,1,836695866229571122409227239868799635243790444165979077524740830128743370486,0.08,325.03,26.002399999999998,0xfb3180aa62c7fbea0a39316d20f406332f5a8341e272de70ebfc897353e45573,wallet_activity_0.json,8
2362093,0x56bb2f0ee548d63a240c7dae1c4d64cf78c46c8bb743908517edb9f84b9d3e5f,0x7c9e0b03d7505dad7e87777cd282628f75b2db3d,Sports,1788932602,2026-09-09T05:43:22+00:00,BUY,Yes,0,98281305611227624015830259773847815127291446306212058068685449359781030635949,0.01,40.0,0.4,0x3ed6724cf958f8877860b808d074576201713939c2fb4d29b21cdc7f2919086c,wallet_activity_0.json,9
693873,0x2b4c48fee6abf0782b1b9e3f4388f32b028d559e34dbad32c7755c9265514e7c,0x7c9e0b03d7505dad7e87777cd282628f75b2db3d,Climate,1788901276,2026-09-08T21:01:16+00:00,SELL,Yes,0,83156357589992408901293982783019969776078410163429767712590914241969504679657,0.04,180.1,7.204,0x2d6350730c7244599c72fc5d122fc17a9d9cd98095498aedc6c42ccd16ca7d42,wallet_activity_0.json,11
2362088,0x7d9ea4a4c1eb915053ab5457ff92aa19ea18effa53080334844b2cc59d793a39,0x7c9e0b03d7505dad7e87777cd282628f75b2db3d,Sports,1788899077,2026-09-08T20:24:37+00:00,BUY,Yes,0,72621801395816285387287023038644294804034156442049239033233718190269428960842,0.01,40.0,0.4,0x9bfd7f87628a9acbe83a5966dbbf005ab647aa7899833a6813c394c4fb536181,wallet_activity_0.json,12
2362080,0xd9fc21018631d192536fe101a2fcc4610c623fc752af22e3d41da78c5739a2cd,0x7c9e0b03d7505dad7e87777cd282628f75b2db3d,Sports,1788898774,2026-09-08T20:19:34+00:00,BUY,Yes,0,26922237201951537379687770138495601060126426717001744610485897141797859712794,0.0110630273,80.6,0.89168000038,0xf7021df963678d8166ab7c44413090a797e6307cba4b02b15e2686099585881f,wallet_activity_0.json,13
2362088,0x7d9ea4a4c1eb915053ab5457ff92aa19ea18effa53080334844b2cc59d793a39,0x7c9e0b03d7505dad7e87777cd282628f75b2db3d,Sports,1788898615,2026-09-08T20:16:55+00:00,BUY,Yes,0,72621801395816285387287023038644294804034156442049239033233718190269428960842,0.02,90.0,1.8,0x151c241601cae285c1ace62cff26bac418729c540d9fde4e77076bf12b475aca,wallet_activity_0.json,14
2362093,0x56bb2f0ee548d63a240c7dae1c4d64cf78c46c8bb743908517edb9f84b9d3e5f,0x7c9e0b03d7505dad7e87777cd282628f75b2db3d,Sports,1788898234,2026-09-08T20:10:34+00:00,BUY,Yes,0,98281305611227624015830259773847815127291446306212058068685449359781030635949,0.0118428676,286.51,3.3930999960759998,0x4d429608f0a7bfdd9ef627868740121cb49d289aca74603df809b134e3914596,wallet_activity_0.json,15
2362088,0x7d9ea4a4c1eb915053ab5457ff92aa19ea18effa53080334844b2cc59d793a39,0x7c9e0b03d7505dad7e87777cd282628f75b2db3d,Sports,1788898105,2026-09-08T20:08:25+00:00,SELL,Yes,0,72621801395816285387287023038644294804034156442049239033233718190269428960842,0.0864285714,140.0,12.099999996,0x04ae7acc08245140d01f3b92aed2cc5370d10522835d99f31144a0343722e0ee,wallet_activity_0.json,16
2362088,0x7d9ea4a4c1eb915053ab5457ff92aa19ea18effa53080334844b2cc59d793a39,0x7c9e0b03d7505dad7e87777cd282628f75b2db3d,Sports,1788894607,2026-09-08T19:10:07+00:00,SELL,Yes,0,72621801395816285387287023038644294804034156442049239033233718190269428960842,0.1925641026,117.0,22.5300000042,0xb12a0213a01db2e562752425cd104cdebe2a7948349f5118d29fdc9c050579ad,wallet_activity_0.json,17
1541328,0x22781a6f2893cd8544f16ced1e0309ebdc4a910ada6b085fd8566482acb0ef81,0x7c9e0b03d7505dad7e87777cd282628f75b2db3d,Crypto,1788891621,2026-09-08T18:20:21+00:00,SELL,Yes,0,83162759254041889316993769315146142418088021260422598538538299788488553886431,0.0525170455,176.0,9.243000008,0x3fa282381f4b8c109e06c7507ab5fe4158acb8a6efd3c54a549e212ee28d5d72,wallet_activity_0.json,18
1175155,0xcb48a1fa12467e355927760680a2cb43575fb136f3a57c238920dc7707891cd4,0x7c9e0b03d7505dad7e87777cd282628f75b2db3d,Crypto,1788889375,2026-09-08T17:42:55+00:00,BUY,Yes,0,55414005933898857865033270365150504392743517494619313270375249780058843564790,0.04,50.0,2.0,0x69c5431759d5d938a027fddae99883bc41f907a9e655645f3fda7b169b013491,wallet_activity_0.json,19
2362093,0x56bb2f0ee548d63a240c7dae1c4d64cf78c46c8bb743908517edb9f84b9d3e5f,0x7c9e0b03d7505dad7e87777cd282628f75b2db3d,Sports,1788881715,2026-09-08T15:35:15+00:00,SELL,Yes,0,98281305611227624015830259773847815127291446306212058068685449359781030635949,0.0038686847,46.91,0.18147999927699998,0x40ec33f06c7dfde0ec8b7758e50886acf0c87adf867d1e50132d803e9022c83a,wallet_activity_0.json,20
2362089,0x52cbfbcbd57ffbeacc1425799c4a560cf53dec0f662a968bc5d8bb72e148890e,0x7c9e0b03d7505dad7e87777cd282628f75b2db3d,Sports,1788881706,2026-09-08T15:35:06+00:00,SELL,Yes,0,77166265796282018335279377614049130638735374613388237283675429950654846935976,0.0032863838,38.41,0.126230001758,0x73680dc711669b562f62a71136cc75356d815201bde5509c6ccd43b81450e694,wallet_activity_0.json,21
2362090,0xf9cd02190956913d1ef634e85c71e218e6ce153c1d389bfea4722b077e7952c5,0x7c9e0b03d7505dad7e87777cd282628f75b2db3d,Sports,1788881697,2026-09-08T15:34:57+00:00,SELL,Yes,0,24155249530334630362598740478952008793545490636294707539532205760346083743548,0.008,84.39,0.67512,0x5e9b19b6c58f7167f52089f0ef040834d66ce65d23e1d00b821b58383dc55391,wallet_activity_0.json,22
2362088,0x7d9ea4a4c1eb915053ab5457ff92aa19ea18effa53080334844b2cc59d793a39,0x7c9e0b03d7505dad7e87777cd282628f75b2db3d,Sports,1788879787,2026-09-08T15:03:07+00:00,BUY,Yes,0,72621801395816285387287023038644294804034156442049239033233718190269428960842,0.09,20.0,1.7999999999999998,0xa99b9872947f24ca8543b2fb74c9975ae86cf7e803131bbcaa0bba21a5586781,wallet_activity_0.json,23
2362088,0x7d9ea4a4c1eb915053ab5457ff92aa19ea18effa53080334844b2cc59d793a39,0x7c9e0b03d7505dad7e87777cd282628f75b2db3d,Sports,1788875157,2026-09-08T13:45:57+00:00,BUY,Yes,0,72621801395816285387287023038644294804034156442049239033233718190269428960842,0.090000007,10.021977,0.901978000153839,0xa3cca3e284af680a0351619519a8036db5b2799cc81abe91f79776c70f2dfd69,wallet_activity_0.json,24
2362088,0x7d9ea4a4c1eb915053ab5457ff92aa19ea18effa53080334844b2cc59d793a39,0x7c9e0b03d7505dad7e87777cd282628f75b2db3d,Sports,1788874855,2026-09-08T13:40:55+00:00,BUY,Yes,0,72621801395816285387287023038644294804034156442049239033233718190269428960842,0.19,20.0,3.8,0x9fb5c97a98e50eace051e11eb35701f3b8c398bdf603a62915c7021cdf24e030,wallet_activity_0.json,25
2362088,0x7d9ea4a4c1eb915053ab5457ff92aa19ea18effa53080334844b2cc59d793a39,0x7c9e0b03d7505dad7e87777cd282628f75b2db3d,Sports,1788874776,2026-09-08T13:39:36+00:00,BUY,Yes,0,72621801395816285387287023038644294804034156442049239033233718190269428960842,0.0544973822,152.8,8.327200000160001,0x6dc0572ff9178b1b53a77d9c56e840ec60ff1766e3edfc0503cfa8613336cddb,wallet_activity_0.json,26
4178713,0xf7dcc0fdd663fe8a5228652ff2112300eee723d28194472db938c64b65634b40,0x7c9e0b03d7505dad7e87777cd282628f75b2db3d,Economy;Finance,1788872853,2026-09-08T13:07:33+00:00,BUY,Yes,0,105621474549338588708231769727438077926256250586859590170043651163922131144835,0.026,20.0,0.52,0x534f2a3db7e339fd1d167f7c21ae31052b7af2f829c7684f3332a465e539a867,wallet_activity_0.json,27
1845993,0x8ad765a6dbac66fe9760cb31efed411dca71897d736fd2a2823be478926ec8a1,0x7c9e0b03d7505dad7e87777cd282628f75b2db3d,Crypto,1788872430,2026-09-08T13:00:30+00:00,SELL,Yes,0,83117802226383769195607038558156159305399197254804468429313668130763062494174,0.058,120.0,6.96,0x1d5c59f7f8937782cdb34acb2511e29b407c64a9d334229671f3a34caf00639b,wallet_activity_0.json,28
1553598,0xa7a915b449e52646dbd1863015f19a925aed5974b259b5c1418034aa82af32da,0x7c9e0b03d7505dad7e87777cd282628f75b2db3d,Crypto,1788871468,2026-09-08T12:44:28+00:00,BUY,Yes,0,37286810690559195170977302570982357460153188421643210823679030307550183448908,0.0161272038,393.07,6.339119997666,0x12fd3105769aab8827fe6c1268fc2b9de66e9e79713ba7c52a114d44865fb299,wallet_activity_0.json,29
1962606,0x9ddae4ff01088555d2a7f99abf31532627c97e7452ec2a423f15da4076cce215,0x7c9e0b03d7505dad7e87777cd282628f75b2db3d,Crypto,1788871366,2026-09-08T12:42:46+00:00,SELL,Yes,0,23903671779153162165108784899663776080402345515038245965507400493542389653285,0.0816516352,179.18,14.630339995136001,0xf76710bfd1e7b227fb36b6f67090c7dda2dee900e10900e7b51175000ec86a02,wallet_activity_0.json,30
1553596,0xe00760a84cc7e5601bd84f4c99c3da844ac86254832cb6a9699134c9ee5d2983,0x7c9e0b03d7505dad7e87777cd282628f75b2db3d,Crypto,1788861634,2026-09-08T10:00:34+00:00,SELL,Yes,0,18242469157965058465249898254408888515850435594945693443758435326815112109981,0.07,55.01,3.8507000000000002,0x507f8fe230bf8bfb9bbc36d234862bd386baa279f8b3bb4303592c49af9a724a,wallet_activity_0.json,31
1962606,0x9ddae4ff01088555d2a7f99abf31532627c97e7452ec2a423f15da4076cce215,0x7c9e0b03d7505dad7e87777cd282628f75b2db3d,Crypto,1788861579,2026-09-08T09:59:39+00:00,BUY,Yes,0,23903671779153162165108784899663776080402345515038245965507400493542389653285,0.067,30.0,2.0100000000000002,0x48150f781a109bfe151e163d21fadad0e4cc02ad2966b7291a466eef4d0628be,wallet_activity_0.json,32
1962606,0x9ddae4ff01088555d2a7f99abf31532627c97e7452ec2a423f15da4076cce215,0x7c9e0b03d7505dad7e87777cd282628f75b2db3d,Crypto,1788861576,2026-09-08T09:59:36+00:00,BUY,Yes,0,23903671779153162165108784899663776080402345515038245965507400493542389653285,0.050705228,44.95,2.2791999986,0xf23af8f034835b0f413371d9de41442a79ad4158efde97c2a4b1f7d3b1c66d3a,wallet_activity_0.json,33
2362093,0x56bb2f0ee548d63a240c7dae1c4d64cf78c46c8bb743908517edb9f84b9d3e5f,0x7c9e0b03d7505dad7e87777cd282628f75b2db3d,Sports,1788856845,2026-09-08T08:40:45+00:00,SELL,Yes,0,98281305611227624015830259773847815127291446306212058068685449359781030635949,0.09,320.0,28.799999999999997,0x710096b2459455500a360f0ba25fb06f6ec89bfcedce7050be5f7a8ecf1eb3e9,wallet_activity_0.json,34
2362093,0x56bb2f0ee548d63a240c7dae1c4d64cf78c46c8bb743908517edb9f84b9d3e5f,0x7c9e0b03d7505dad7e87777cd282628f75b2db3d,Sports,1788852892,2026-09-08T07:34:52+00:00,BUY,Yes,0,98281305611227624015830259773847815127291446306212058068685449359781030635949,0.077,24.48,1.88496,0x8b7a1514e971b9ae4d7149eadd27217db0856123356e942abcbbb27732cf8406,wallet_activity_0.json,35
2362088,0x7d9ea4a4c1eb915053ab5457ff92aa19ea18effa53080334844b2cc59d793a39,0x7c9e0b03d7505dad7e87777cd282628f75b2db3d,Sports,1788852772,2026-09-08T07:32:52+00:00,SELL,Yes,0,72621801395816285387287023038644294804034156442049239033233718190269428960842,0.0857580645,248.0,21.267999996,0x5e55087e6e22afc3a0bebc7d5216257f9c5be7a3dcda58893366101e58ce9333,wallet_activity_0.json,36
693873,0x2b4c48fee6abf0782b1b9e3f4388f32b028d559e34dbad32c7755c9265514e7c,0x7c9e0b03d7505dad7e87777cd282628f75b2db3d,Climate,1788851307,2026-09-08T07:08:27+00:00,BUY,Yes,0,83156357589992408901293982783019969776078410163429767712590914241969504679657,0.0346685175,180.1,6.24380000175,0xe8922e30867e12c2b1be59137d943ed82a6c329511eb430ddd3a6a8a355926c1,wallet_activity_0.json,37
2362091,0xae074c234f1a96110ed755251295b11f990eafebef41cb4829600f93af37d4e7,0x7c9e0b03d7505dad7e87777cd282628f75b2db3d,Sports,1788849495,2026-09-08T06:38:15+00:00,SELL,Yes,0,98182250396823380988157675119207721791085174021274570948219314497111423146830,0.012,3.78,0.04536,0x65761e3853b832cb1eb3c763054aa295902190ecf219c9f8b0c930ca58205670,wallet_activity_0.json,38
2362088,0x7d9ea4a4c1eb915053ab5457ff92aa19ea18effa53080334844b2cc59d793a39,0x7c9e0b03d7505dad7e87777cd282628f75b2db3d,Sports,1788849021,2026-09-08T06:30:21+00:00,BUY,Yes,0,72621801395816285387287023038644294804034156442049239033233718190269428960842,0.19,20.0,3.8,0x95540fba8f5211d3c8ed51c005ff8c5e67b13ba8a47cc1d134d76314725fa3a4,wallet_activity_0.json,39
2362093,0x56bb2f0ee548d63a240c7dae1c4d64cf78c46c8bb743908517edb9f84b9d3e5f,0x7c9e0b03d7505dad7e87777cd282628f75b2db3d,Sports,1788846850,2026-09-08T05:54:10+00:00,BUY,Yes,0,98281305611227624015830259773847815127291446306212058068685449359781030635949,0.0323286788,74.48,2.4078399970240003,0xceccbcfbf4e0fff3e610103d553a26c16948504d8caf84db1bd616d388c2cfc1,wallet_activity_0.json,40
1962606,0x9ddae4ff01088555d2a7f99abf31532627c97e7452ec2a423f15da4076cce215,0x7c9e0b03d7505dad7e87777cd282628f75b2db3d,Crypto,1788846787,2026-09-08T05:53:07+00:00,SELL,Yes,0,23903671779153162165108784899663776080402345515038245965507400493542389653285,0.0748241758,91.0,6.8089999978,0xf2aa54f854cccf6f37a36cdc4c44895caa1f7f71b680792f4e2b5a4c91973ec5,wallet_activity_0.json,41
1295983,0xc15a7548e3f5c17dd61cebeba2f105ce6a8c36e5dce50331ad308b26094c5a78,0x7c9e0b03d7505dad7e87777cd282628f75b2db3d,Business;Technology,1788846718,2026-09-08T05:51:58+00:00,BUY,Yes,0,17404766932259944299339052130465690929883335900321910320466617668484369055750,0.0368276014,271.87,10.012319992618,0x63f806be1414aec2648e386714f0aca90eb4a9c0b105b8ca3d0a148e9f26145e,wallet_activity_0.json,42
1295983,0xc15a7548e3f5c17dd61cebeba2f105ce6a8c36e5dce50331ad308b26094c5a78,0x7c9e0b03d7505dad7e87777cd282628f75b2db3d,Business;Technology,1788846415,2026-09-08T05:46:55+00:00,SELL,Yes,0,17404766932259944299339052130465690929883335900321910320466617668484369055750,0.0431894565,1006.88,43.48659996072,0x8fc400eff51df1a6a5dde36463157dec8029d0dc713b366b7e91eb25ed388a26,wallet_activity_0.json,43
2362081,0x5a4a654036fc16de8dd023594c5e2d2f4f27e24f4aeec5738e7b2cd465d57b9a,0x7c9e0b03d7505dad7e87777cd282628f75b2db3d,Sports,1788846300,2026-09-08T05:45:00+00:00,SELL,Yes,0,96448321103368929831711218729025533649696394235683616905201649581326095490279,0.0658539118,215.76,14.208640009967999,0x4083df49b5ad7702e35dbf42a8689f6fe266c69a8ed43811e30a416020b4ac20,wallet_activity_0.json,44
2362088,0x7d9ea4a4c1eb915053ab5457ff92aa19ea18effa53080334844b2cc59d793a39,0x7c9e0b03d7505dad7e87777cd282628f75b2db3d,Sports,1788821235,2026-09-07T22:47:15+00:00,BUY,Yes,0,72621801395816285387287023038644294804034156442049239033233718190269428960842,0.19,20.0,3.8,0xe865d5e8b23e8b29a8a3e61a86565bb77cb876e76869851eb1e2e083bde450da,wallet_activity_0.json,46
2362088,0x7d9ea4a4c1eb915053ab5457ff92aa19ea18effa53080334844b2cc59d793a39,0x7c9e0b03d7505dad7e87777cd282628f75b2db3d,Sports,1788815682,2026-09-07T21:14:42+00:00,BUY,Yes,0,72621801395816285387287023038644294804034156442049239033233718190269428960842,0.0634117647,102.0,6.4679999994,0x5cd70e035f538f4f44e3e46b9800674d2f42b13e3993ea8ae97f4b1bfbc6fcea,wallet_activity_0.json,47
2362093,0x56bb2f0ee548d63a240c7dae1c4d64cf78c46c8bb743908517edb9f84b9d3e5f,0x7c9e0b03d7505dad7e87777cd282628f75b2db3d,Sports,1788815647,2026-09-07T21:14:07+00:00,SELL,Yes,0,98281305611227624015830259773847815127291446306212058068685449359781030635949,0.163655717,237.45,38.86005000165,0x383e8c0c89fb7ff2f73dfd60957416f96ce087c6e699fb7c6f3d317b96659462,wallet_activity_0.json,48
2657548,0x822de855538c164628c5567391fbd5906ec5af97c05a8f92845ebe609959b3d9,0x7c9e0b03d7505dad7e87777cd282628f75b2db3d,Crypto,1788810709,2026-09-07T19:51:49+00:00,SELL,Yes,0,48462937529414917869412434041357479002238368776674182994258255444057977420089,0.05,119.99,5.9995,0x9d3fe36ec7fc32e2103251606a28bde6c6c23c402fce349bc880040c24630cf0,wallet_activity_0.json,49
1810724,0x0f10553969ee33e16052fd14dec9c15cd276bea50876f247ee5e8c22eabadfe2,0x7c9e0b03d7505dad7e87777cd282628f75b2db3d,Crypto,1788810699,2026-09-07T19:51:39+00:00,SELL,Yes,0,23791976995424087753430344707128035829637029804041465098858790460687490505541,0.062,59.25,3.6734999999999998,0x595065cdcdcee70b5dbdf892529ce841c8230bc99cf3274a30f62927386694cd,wallet_activity_0.json,50
690212,0x0bbbcca922e19937c88530c715742a6c4c5d951e3e91e2c37d3053ed6e820c81,0x7c9e0b03d7505dad7e87777cd282628f75b2db3d,Economy;Politics,1788810666,2026-09-07T19:51:06+00:00,BUY,Yes,0,33617205645128376601336069985822617926204609176653504624245354246495590683543,0.0298577651,241.08,7.1981100103080005,0xdde0a1fd8248a986cf38541ca0f01303c950a4e37f4542a49e1754b4103bb16b,wallet_activity_0.json,51
1228208,0x7780567b279501c6757c7cdb4843e168dc5c3c6e98f270e0f6a1e2ab6a605aa4,0x7c9e0b03d7505dad7e87777cd282628f75b2db3d,Crypto,1788810594,2026-09-07T19:49:54+00:00,SELL,Yes,0,44917237409273640015209951198623021528035117074015529970865270447961704749840,0.04,30.1,1.2040000000000002,0x607c05a206e2447ef0ca5173bce43cddf819bb62bb5679c88ebef6ca2861325e,wallet_activity_0.json,52
2315123,0x4c1755f59c7b91256d44ffd39ca80eb0500911db19af6df711eaaf307a90c21b,0x7c9e0b03d7505dad7e87777cd282628f75b2db3d,Crypto,1788810586,2026-09-07T19:49:46+00:00,SELL,Yes,0,48360984482781694775559529119004830216221060628620991789526418579938291491779,0.032,127.0,4.064,0x241ce57afdb5ccbac9fce5a22aff0e4ee7f7a6047b5605ce6972c4d67d6b6611,wallet_activity_0.json,53
2119254,0x27e94e914a015f944449dbd2e49bbe2e36f32cc3176b23dcbdccd94c5d905ac5,0x7c9e0b03d7505dad7e87777cd282628f75b2db3d,Crypto,1788810580,2026-09-07T19:49:40+00:00,SELL,Yes,0,99751743084391303122880028751238108033836762099285820306589102431583816985300,0.0322813995,106.61,3.441520000695,0x8b42136a3e450f1bfde9a8857de4440a2ad2d8b4d14348dbe0b585f5e600e0ec,wallet_activity_0.json,54
3746332,0x15e8e337c1b6eba93721c73f97d4e058e8140867457878afb1f66a9ff827d507,0x7c9e0b03d7505dad7e87777cd282628f75b2db3d,Crypto,1788810163,2026-09-07T19:42:43+00:00,SELL,Yes,0,54630284739735506000230608981005502944559242711872080654914502098556532109227,0.094180791,134.52,12.66920000532,0x07d4dae80d43d065e223bb06bf3e3d2395db3467b57dc7737bde907424fcf7fe,wallet_activity_0.json,55
2315511,0x216ca1afdf1fbc84e4262b211a30a7169121e70e53c2c690a3f65be4a0529226,0x7c9e0b03d7505dad7e87777cd282628f75b2db3d,Crypto,1788809562,2026-09-07T19:32:42+00:00,SELL,Yes,0,107339733266203726998128814813659712759846005248417413228215966122550334003424,0.05,49.6,2.4800000000000004,0x58afb634ef913352260f62478465cbddbee0c2a5948006d85d963677d237ad87,wallet_activity_0.json,56
1962606,0x9ddae4ff01088555d2a7f99abf31532627c97e7452ec2a423f15da4076cce215,0x7c9e0b03d7505dad7e87777cd282628f75b2db3d,Crypto,1788805201,2026-09-07T18:20:01+00:00,BUY,Yes,0,23903671779153162165108784899663776080402345515038245965507400493542389653285,0.0243954078,78.83,1.923089996874,0xd12ec21a72d3fdcad62ca8ecec10123105ff99e75c2e6d0ad5ed834ff9f7a975,wallet_activity_0.json,57
2362081,0x5a4a654036fc16de8dd023594c5e2d2f4f27e24f4aeec5738e7b2cd465d57b9a,0x7c9e0b03d7505dad7e87777cd282628f75b2db3d,Sports,1788805090,2026-09-07T18:18:10+00:00,BUY,Yes,0,96448321103368929831711218729025533649696394235683616905201649581326095490279,0.0244351852,135.0,3.2987500020000002,0x9649aa1252e9fa99d7d682716ac290d5804613d87e2ece0e37cd8a1ad1242336,wallet_activity_0.json,58
2362093,0x56bb2f0ee548d63a240c7dae1c4d64cf78c46c8bb743908517edb9f84b9d3e5f,0x7c9e0b03d7505dad7e87777cd282628f75b2db3d,Sports,1788804454,2026-09-07T18:07:34+00:00,BUY,Yes,0,98281305611227624015830259773847815127291446306212058068685449359781030635949,0.14,40.0,5.6000000000000005,0xe285a3bf4e2dc03ab271c91deb262f85aa01dad9826b7fe46d65f9babe220a8c,wallet_activity_0.json,59
2362093,0x56bb2f0ee548d63a240c7dae1c4d64cf78c46c8bb743908517edb9f84b9d3e5f,0x7c9e0b03d7505dad7e87777cd282628f75b2db3d,Sports,1788804447,2026-09-07T18:07:27+00:00,BUY,Yes,0,98281305611227624015830259773847815127291446306212058068685449359781030635949,0.129,5.0,0.645,0x586c99a7afcfde1492933282f2b9d024d29ec2211f4b303d26ca30e7bcbfd7e4,wallet_activity_0.json,60
2362093,0x56bb2f0ee548d63a240c7dae1c4d64cf78c46c8bb743908517edb9f84b9d3e5f,0x7c9e0b03d7505dad7e87777cd282628f75b2db3d,Sports,1788804421,2026-09-07T18:07:01+00:00,BUY,Yes,0,98281305611227624015830259773847815127291446306212058068685449359781030635949,0.0070578567,365.04,2.576400009768,0xba2f367a0f91318d863dbb89451d3b6566e42d8c932fa38ede3d6b57d21d17c6,wallet_activity_0.json,61
1962606,0x9ddae4ff01088555d2a7f99abf31532627c97e7452ec2a423f15da4076cce215,0x7c9e0b03d7505dad7e87777cd282628f75b2db3d,Crypto,1788769783,2026-09-07T08:29:43+00:00,BUY,Yes,0,23903671779153162165108784899663776080402345515038245965507400493542389653285,0.01,90.91,0.9091,0x3c831c67e0334d581d4dd2f06d8ac3c8ad90deb837804f82bf8afa32e3ea6010,wallet_activity_0.json,70
2641011,0x052776dbb92aa02fdb1f21a415a52cc422f2fd996eda91f717a1d7e1a751b633,0x7c9e0b03d7505dad7e87777cd282628f75b2db3d,Geopolitics,1788768513,2026-09-07T08:08:33+00:00,BUY,Yes,0,28519177000853426849037858127506476433683645484711259381930105157487202338593,0.01,64.0,0.64,0xcf8bed15eae224e05e161b3e0d38347c0a544dfe28b20777d2144253d2cc636b,wallet_activity_0.json,71
3093332,0x95f41e6f6c8bc899fda186967cdc6359f5eca12dc9fe48372cd95383a38f995c,0x7c9e0b03d7505dad7e87777cd282628f75b2db3d,Politics,1788751899,2026-09-07T03:31:39+00:00,BUY,Yes,0,106467735613398550063682298439308816104730442742232791983152709315802132774571,0.001,9037.47,9.037469999999999,0x9517d0e316921ef75ee8538051d6ba6b7453602915dcb0eff88cdd8ce4660a9a,wallet_activity_0.json,72
3093332,0x95f41e6f6c8bc899fda186967cdc6359f5eca12dc9fe48372cd95383a38f995c,0x7c9e0b03d7505dad7e87777cd282628f75b2db3d,Politics,1788739293,2026-09-07T00:01:33+00:00,BUY,Yes,0,106467735613398550063682298439308816104730442742232791983152709315802132774571,0.001,962.53,0.96253,0x8e35b5d4a7b0845d35dbb85ba0ceaf73ea30da186a91f9998161c82b17290160,wallet_activity_0.json,75
2362088,0x7d9ea4a4c1eb915053ab5457ff92aa19ea18effa53080334844b2cc59d793a39,0x7c9e0b03d7505dad7e87777cd282628f75b2db3d,Sports,1788735823,2026-09-06T23:03:43+00:00,BUY,Yes,0,72621801395816285387287023038644294804034156442049239033233718190269428960842,0.09,20.0,1.7999999999999998,0x68c060d0a35e76d7187d8ab9a2886fe4f99ab1843d406b59a6263df44fe3b89a,wallet_activity_0.json,76
3093333,0xad485c0cfb6058e791ffd719ee3a99bf8ea241975704b5960041ec0fe017dadf,0x7c9e0b03d7505dad7e87777cd282628f75b2db3d,Politics,1788733602,2026-09-06T22:26:42+00:00,BUY,Yes,0,15405398991339441321159097205127205710401983212381106994044329484217618673332,0.001,2452.77,2.45277,0x7b3367c5d2406ac0e967ee5c18ad32c197475064003e0b89810c9221d7506271,wallet_activity_0.json,77
3093333,0xad485c0cfb6058e791ffd719ee3a99bf8ea241975704b5960041ec0fe017dadf,0x7c9e0b03d7505dad7e87777cd282628f75b2db3d,Politics,1788730062,2026-09-06T21:27:42+00:00,BUY,Yes,0,15405398991339441321159097205127205710401983212381106994044329484217618673332,0.001,181.26,0.18126,0x829f2aceadb6eb571e3156030a76b5edcf14fd52c7180c8ecde265a8879856fe,wallet_activity_0.json,78
3093333,0xad485c0cfb6058e791ffd719ee3a99bf8ea241975704b5960041ec0fe017dadf,0x7c9e0b03d7505dad7e87777cd282628f75b2db3d,Politics,1788730008,2026-09-06T21:26:48+00:00,BUY,Yes,0,15405398991339441321159097205127205710401983212381106994044329484217618673332,0.001,6.0,0.006,0x23b3a9fe40abc9c458a97a6a203fddadadc03640c603fe3861b727d0f547295e,wallet_activity_0.json,79
3093333,0xad485c0cfb6058e791ffd719ee3a99bf8ea241975704b5960041ec0fe017dadf,0x7c9e0b03d7505dad7e87777cd282628f75b2db3d,Politics,1788730008,2026-09-06T21:26:48+00:00,BUY,Yes,0,15405398991339441321159097205127205710401983212381106994044329484217618673332,0.01,10.0,0.1,0x23b3a9fe40abc9c458a97a6a203fddadadc03640c603fe3861b727d0f547295e,wallet_activity_0.json,80
3093333,0xad485c0cfb6058e791ffd719ee3a99bf8ea241975704b5960041ec0fe017dadf,0x7c9e0b03d7505dad7e87777cd282628f75b2db3d,Politics,1788730006,2026-09-06T21:26:46+00:00,BUY,Yes,0,15405398991339441321159097205127205710401983212381106994044329484217618673332,0.001,5.0,0.005,0xe4e0f4d3eaf6665cb1840558fd2b530e33541a6052c5df95f693f3be7bb72330,wallet_activity_0.json,81
3093333,0xad485c0cfb6058e791ffd719ee3a99bf8ea241975704b5960041ec0fe017dadf,0x7c9e0b03d7505dad7e87777cd282628f75b2db3d,Politics,1788730006,2026-09-06T21:26:46+00:00,BUY,Yes,0,15405398991339441321159097205127205710401983212381106994044329484217618673332,0.001,5.0,0.005,0x18ac9f17301571a69e81c89e8f5bf1d099e7b085bac50101b95a198ab25efb07,wallet_activity_0.json,82
3093333,0xad485c0cfb6058e791ffd719ee3a99bf8ea241975704b5960041ec0fe017dadf,0x7c9e0b03d7505dad7e87777cd282628f75b2db3d,Politics,1788729777,2026-09-06T21:22:57+00:00,BUY,Yes,0,15405398991339441321159097205127205710401983212381106994044329484217618673332,0.001,100.0,0.1,0x00cf6c21693f2740f0f2191e9654160169c14879a1554d172f15bb2e87a5bcb0,wallet_activity_0.json,83
3093333,0xad485c0cfb6058e791ffd719ee3a99bf8ea241975704b5960041ec0fe017dadf,0x7c9e0b03d7505dad7e87777cd282628f75b2db3d,Politics,1788729681,2026-09-06T21:21:21+00:00,BUY,Yes,0,15405398991339441321159097205127205710401983212381106994044329484217618673332,0.001,32.952,0.032952,0xcb7889bce9f9c5d83d612116d1a1beabbe9cd892ddfb0d95a16bc4e43a2c70dc,wallet_activity_0.json,84
3093333,0xad485c0cfb6058e791ffd719ee3a99bf8ea241975704b5960041ec0fe017dadf,0x7c9e0b03d7505dad7e87777cd282628f75b2db3d,Politics,1788729681,2026-09-06T21:21:21+00:00,BUY,Yes,0,15405398991339441321159097205127205710401983212381106994044329484217618673332,0.001,40.0,0.04,0x45524780cc60e0887eab7023d0e6a0228e7f3689c3e81627ac084b7e5b2c3d00,wallet_activity_0.json,85
2362088,0x7d9ea4a4c1eb915053ab5457ff92aa19ea18effa53080334844b2cc59d793a39,0x7c9e0b03d7505dad7e87777cd282628f75b2db3d,Sports,1788729450,2026-09-06T21:17:30+00:00,SELL,Yes,0,72621801395816285387287023038644294804034156442049239033233718190269428960842,0.098,20.0,1.96,0x0ec0c6cc45f48140a6999e7b071b9a53d64da7604b02301e871566c330a7e88a,wallet_activity_0.json,86
3093333,0xad485c0cfb6058e791ffd719ee3a99bf8ea241975704b5960041ec0fe017dadf,0x7c9e0b03d7505dad7e87777cd282628f75b2db3d,Politics,1788729003,2026-09-06T21:10:03+00:00,BUY,Yes,0,15405398991339441321159097205127205710401983212381106994044329484217618673332,0.001,2.002,0.002002,0xa9359b8c9eebe0d02cfa91ee9a8dd18e30601e09509f62d09bfbf2f6013160d9,wallet_activity_0.json,87
3093333,0xad485c0cfb6058e791ffd719ee3a99bf8ea241975704b5960041ec0fe017dadf,0x7c9e0b03d7505dad7e87777cd282628f75b2db3d,Politics,1788728593,2026-09-06T21:03:13+00:00,BUY,Yes,0,15405398991339441321159097205127205710401983212381106994044329484217618673332,0.001,15.0,0.015,0x363d2b8fe74a60279408b0d18c4a7b57c42e4c8ca93bdd74a21c29e6ab253a17,wallet_activity_0.json,88
3093333,0xad485c0cfb6058e791ffd719ee3a99bf8ea241975704b5960041ec0fe017dadf,0x7c9e0b03d7505dad7e87777cd282628f75b2db3d,Politics,1788728497,2026-09-06T21:01:37+00:00,BUY,Yes,0,15405398991339441321159097205127205710401983212381106994044329484217618673332,0.001,10.0,0.01,0x6b848bae952c53135e2fe78190427b59e83f8a6690dac1b2c91f8ecb47a310c6,wallet_activity_0.json,89
3093333,0xad485c0cfb6058e791ffd719ee3a99bf8ea241975704b5960041ec0fe017dadf,0x7c9e0b03d7505dad7e87777cd282628f75b2db3d,Politics,1788728362,2026-09-06T20:59:22+00:00,BUY,Yes,0,15405398991339441321159097205127205710401983212381106994044329484217618673332,0.001,80.0,0.08,0x070db763285edfee0c72f15f6881ca382105c159ae42fa8e2769256bc22bd266,wallet_activity_0.json,90
3093333,0xad485c0cfb6058e791ffd719ee3a99bf8ea241975704b5960041ec0fe017dadf,0x7c9e0b03d7505dad7e87777cd282628f75b2db3d,Politics,1788728362,2026-09-06T20:59:22+00:00,BUY,Yes,0,15405398991339441321159097205127205710401983212381106994044329484217618673332,0.001,60.0,0.06,0x4f08484f506e9c6e0e67451dd3d44af50352c7f2e4b066189156a07b8a0c3da8,wallet_activity_0.json,91
3093333,0xad485c0cfb6058e791ffd719ee3a99bf8ea241975704b5960041ec0fe017dadf,0x7c9e0b03d7505dad7e87777cd282628f75b2db3d,Politics,1788728362,2026-09-06T20:59:22+00:00,BUY,Yes,0,15405398991339441321159097205127205710401983212381106994044329484217618673332,0.001,10.0,0.01,0xaf979cc09248c513d73dcc29bd8e25c2221669bb83034e9c9dacaeb905ded3f0,wallet_activity_0.json,92
3748556,0xd7b890aede07d9713e4bfe60c3f7dc7b81c63eef06092a11a169794d6d74979a,0x7c9e0b03d7505dad7e87777cd282628f75b2db3d,Politics,1788727899,2026-09-06T20:51:39+00:00,BUY,Yes,0,40276612620375991668275402703349847336311875227119256876255552829728664395566,0.005,2554.75,12.77375,0xcbff76fe5c357d411d24acd55484cd058d9938f025bb445ca8624bea8120ae5d,wallet_activity_0.json,93
3748557,0xc095fac589c6c2fb6ad6f39d54181c4e6b4debf3d5db916e9f60e5f5e502ae53,0x7c9e0b03d7505dad7e87777cd282628f75b2db3d,Politics,1788727876,2026-09-06T20:51:16+00:00,BUY,No,1,38062978682462889818066040912167830354937866382694762901744509221068264681497,0.006,2546.26,15.277560000000001,0x6adee6087f26a7062118aeb0ab4a40aebf800ae212d612ecd06be11daa7923b0,wallet_activity_0.json,94
3748410,0xc4d9910f44f0480a5f3d818cb65e5ad0151bcde9336fea4c009674fa3b93418a,0x7c9e0b03d7505dad7e87777cd282628f75b2db3d,Politics,1788726559,2026-09-06T20:29:19+00:00,BUY,Yes,0,9759536597528726317699470011976780156711384514031107190896963502198252651308,0.01,95.6143,0.956143,0x56c3b3ff4eb0b4f05cca0ad5e8188f77084f9e6b5cf246322f3dc4ccf389631f,wallet_activity_0.json,95
2362088,0x7d9ea4a4c1eb915053ab5457ff92aa19ea18effa53080334844b2cc59d793a39,0x7c9e0b03d7505dad7e87777cd282628f75b2db3d,Sports,1788726181,2026-09-06T20:23:01+00:00,SELL,Yes,0,72621801395816285387287023038644294804034156442049239033233718190269428960842,0.143902439,41.0,5.899999998999999,0x21f662e903584be8bc0a0fb983bc7a25b04c4c5ccaefe8705949060ed19893c7,wallet_activity_0.json,96
3748410,0xc4d9910f44f0480a5f3d818cb65e5ad0151bcde9336fea4c009674fa3b93418a,0x7c9e0b03d7505dad7e87777cd282628f75b2db3d,Politics,1788725748,2026-09-06T20:15:48+00:00,BUY,Yes,0,9759536597528726317699470011976780156711384514031107190896963502198252651308,0.1,10.0,1.0,0xdbaaf2ffa9897ee0117df3ac99b83827c0b7f8c37ba21ee9e24e5709d609ad05,wallet_activity_0.json,97
3748410,0xc4d9910f44f0480a5f3d818cb65e5ad0151bcde9336fea4c009674fa3b93418a,0x7c9e0b03d7505dad7e87777cd282628f75b2db3d,Politics,1788725682,2026-09-06T20:14:42+00:00,BUY,Yes,0,9759536597528726317699470011976780156711384514031107190896963502198252651308,0.1,5.0,0.5,0xe6235ad91289d24c69dc1f743acb37c88ee50b3474b267642657551ec143bd71,wallet_activity_0.json,98
3748410,0xc4d9910f44f0480a5f3d818cb65e5ad0151bcde9336fea4c009674fa3b93418a,0x7c9e0b03d7505dad7e87777cd282628f75b2db3d,Politics,1788725659,2026-09-06T20:14:19+00:00,BUY,Yes,0,9759536597528726317699470011976780156711384514031107190896963502198252651308,0.12,5.0,0.6,0x64c174ede903708d572e1a88a230d6d1c00e48c20eea2aeadd730ec566d02574,wallet_activity_0.json,99
3093333,0xad485c0cfb6058e791ffd719ee3a99bf8ea241975704b5960041ec0fe017dadf,0x7c9e0b03d7505dad7e87777cd282628f75b2db3d,Politics,1788724809,2026-09-06T20:00:09+00:00,BUY,Yes,0,15405398991339441321159097205127205710401983212381106994044329484217618673332,0.001,4310.74,4.31074,0xb0714ec715104fc8f34913d96654a3bebbafe230e0dfb49a0a1600c2adc7b754,wallet_activity_1.json,0
3748409,0x0e0be1206fd204317858133e740e85d7ffcc141dd1fc91fdca660770aded0ab0,0x7c9e0b03d7505dad7e87777cd282628f75b2db3d,Politics,1788724747,2026-09-06T19:59:07+00:00,BUY,No,1,62471096147113521542018782986569650417229551126751232107766294076799113407762,0.15,5.0,0.75,0x10ee682663bd6b5e235a5bd88f06aa0654e13f3802d0126345ffd2d0efa66a96,wallet_activity_1.json,1
3748409,0x0e0be1206fd204317858133e740e85d7ffcc141dd1fc91fdca660770aded0ab0,0x7c9e0b03d7505dad7e87777cd282628f75b2db3d,Politics,1788724735,2026-09-06T19:58:55+00:00,SELL,No,1,62471096147113521542018782986569650417229551126751232107766294076799113407762,0.1501304894,940.0,141.122660036,0x6643911b6a8f37f5b57fd526a6dadda64b8b4308f380b463244f656734475e9f,wallet_activity_1.json,2
3093333,0xad485c0cfb6058e791ffd719ee3a99bf8ea241975704b5960041ec0fe017dadf,0x7c9e0b03d7505dad7e87777cd282628f75b2db3d,Politics,1788724711,2026-09-06T19:58:31+00:00,BUY,Yes,0,15405398991339441321159097205127205710401983212381106994044329484217618673332,0.001,908.59,0.90859,0x060f2bb5f8adc3466c733ccb722f5d1dbcf79719b20a45e5b17285715b01853d,wallet_activity_1.json,3
3748409,0x0e0be1206fd204317858133e740e85d7ffcc141dd1fc91fdca660770aded0ab0,0x7c9e0b03d7505dad7e87777cd282628f75b2db3d,Politics,1788721654,2026-09-06T19:07:34+00:00,BUY,No,1,62471096147113521542018782986569650417229551126751232107766294076799113407762,0.0413846154,32.5,1.3450000005,0x0e6ea510349762a7e6ffe5e961671e018e0627b60c35a79812f32bc1a99fa9b2,wallet_activity_1.json,4
3748409,0x0e0be1206fd204317858133e740e85d7ffcc141dd1fc91fdca660770aded0ab0,0x7c9e0b03d7505dad7e87777cd282628f75b2db3d,Politics,1788721537,2026-09-06T19:05:37+00:00,BUY,No,1,62471096147113521542018782986569650417229551126751232107766294076799113407762,0.01,20.202,0.20202000000000003,0x0d1ca47e7161ef1d31a0d5ffc5e4a413f39478aa19cef2e457ada8c813220a67,wallet_activity_1.json,5
3748409,0x0e0be1206fd204317858133e740e85d7ffcc141dd1fc91fdca660770aded0ab0,0x7c9e0b03d7505dad7e87777cd282628f75b2db3d,Politics,1788721536,2026-09-06T19:05:36+00:00,BUY,No,1,62471096147113521542018782986569650417229551126751232107766294076799113407762,0.01,287.3,2.873,0x0a29bbb54e8da40f65d6ae5890a1435d0f75bee88d3de31aef401fbf5b0c2196,wallet_activity_1.json,6
3748409,0x0e0be1206fd204317858133e740e85d7ffcc141dd1fc91fdca660770aded0ab0,0x7c9e0b03d7505dad7e87777cd282628f75b2db3d,Politics,1788721515,2026-09-06T19:05:15+00:00,BUY,No,1,62471096147113521542018782986569650417229551126751232107766294076799113407762,0.01,100.0,1.0,0xdfdcc953a963ce574426e14434f23d57204a2cf9e9fd1e8a4cc7c7dde0a4392a,wallet_activity_1.json,7
3748410,0xc4d9910f44f0480a5f3d818cb65e5ad0151bcde9336fea4c009674fa3b93418a,0x7c9e0b03d7505dad7e87777cd282628f75b2db3d,Politics,1788721491,2026-09-06T19:04:51+00:00,BUY,Yes,0,9759536597528726317699470011976780156711384514031107190896963502198252651308,0.01,6.0,0.06,0xd13dd9ae72987da01d5728a4444ec9ec6a06d8466b1ef5aaf4e60732adcc4cf3,wallet_activity_1.json,8
3748410,0xc4d9910f44f0480a5f3d818cb65e5ad0151bcde9336fea4c009674fa3b93418a,0x7c9e0b03d7505dad7e87777cd282628f75b2db3d,Politics,1788721476,2026-09-06T19:04:36+00:00,BUY,Yes,0,9759536597528726317699470011976780156711384514031107190896963502198252651308,0.01,48.0505,0.480505,0xe99b907fc9ae7b3fcb10c7aa5f7d64d10775cf48f807277c90b4814c556c4b03,wallet_activity_1.json,9
3748410,0xc4d9910f44f0480a5f3d818cb65e5ad0151bcde9336fea4c009674fa3b93418a,0x7c9e0b03d7505dad7e87777cd282628f75b2db3d,Politics,1788721473,2026-09-06T19:04:33+00:00,BUY,Yes,0,9759536597528726317699470011976780156711384514031107190896963502198252651308,0.03,320.0,9.6,0x327accbd7812e295e044202beb66da8b28ede9ae07d2e15780ac59b4a791226c,wallet_activity_1.json,10
3748409,0x0e0be1206fd204317858133e740e85d7ffcc141dd1fc91fdca660770aded0ab0,0x7c9e0b03d7505dad7e87777cd282628f75b2db3d,Politics,1788721473,2026-09-06T19:04:33+00:00,BUY,No,1,62471096147113521542018782986569650417229551126751232107766294076799113407762,0.03,500.0,15.0,0xf01ffb7ebc034795aa1ba2ca184a0ac24ddb44d5ea3e3483a33a974422d1af31,wallet_activity_1.json,11
2362088,0x7d9ea4a4c1eb915053ab5457ff92aa19ea18effa53080334844b2cc59d793a39,0x7c9e0b03d7505dad7e87777cd282628f75b2db3d,Sports,1788720853,2026-09-06T18:54:13+00:00,SELL,Yes,0,72621801395816285387287023038644294804034156442049239033233718190269428960842,0.1623670741,104.72,17.003079999752,0x4f3c8580cf498b62cb1653ffcf44fe03b14501be745787a2446beec35a92e83e,wallet_activity_1.json,12
3093333,0xad485c0cfb6058e791ffd719ee3a99bf8ea241975704b5960041ec0fe017dadf,0x7c9e0b03d7505dad7e87777cd282628f75b2db3d,Politics,1788718720,2026-09-06T18:18:40+00:00,BUY,Yes,0,15405398991339441321159097205127205710401983212381106994044329484217618673332,0.006,248.0,1.488,0xdcea27878c1b11ba360be8341b0ea04640e4e91c99a8974cc417405e9cba3fe0,wallet_activity_1.json,13
3748410,0xc4d9910f44f0480a5f3d818cb65e5ad0151bcde9336fea4c009674fa3b93418a,0x7c9e0b03d7505dad7e87777cd282628f75b2db3d,Politics,1788718668,2026-09-06T18:17:48+00:00,BUY,Yes,0,9759536597528726317699470011976780156711384514031107190896963502198252651308,0.03,180.0,5.3999999999999995,0xeb4b271396dde4efbcc635fcd3b9a088d27d47bce99043e966ff81bc62b85733,wallet_activity_1.json,14
3093333,0xad485c0cfb6058e791ffd719ee3a99bf8ea241975704b5960041ec0fe017dadf,0x7c9e0b03d7505dad7e87777cd282628f75b2db3d,Politics,1788715059,2026-09-06T17:17:39+00:00,BUY,Yes,0,15405398991339441321159097205127205710401983212381106994044329484217618673332,0.008,358.2,2.8656,0xabb4831964302720eaecb9a0ae6d032439f758ba06314b809a15a4bfc3c8acd1,wallet_activity_1.json,15
2362088,0x7d9ea4a4c1eb915053ab5457ff92aa19ea18effa53080334844b2cc59d793a39,0x7c9e0b03d7505dad7e87777cd282628f75b2db3d,Sports,1788714588,2026-09-06T17:09:48+00:00,BUY,Yes,0,72621801395816285387287023038644294804034156442049239033233718190269428960842,0.137,24.0,3.2880000000000003,0x14a2945ff1fd764225ef4057454dc0ad882dd6363b4de24ab63532fb48fd6c00,wallet_activity_1.json,16
2362088,0x7d9ea4a4c1eb915053ab5457ff92aa19ea18effa53080334844b2cc59d793a39,0x7c9e0b03d7505dad7e87777cd282628f75b2db3d,Sports,1788714582,2026-09-06T17:09:42+00:00,BUY,Yes,0,72621801395816285387287023038644294804034156442049239033233718190269428960842,0.137,5.0,0.685,0x7dcc49562c2295be654353441c8c3380e970c545eb3e33fdfd582c43caa608be,wallet_activity_1.json,17
2362088,0x7d9ea4a4c1eb915053ab5457ff92aa19ea18effa53080334844b2cc59d793a39,0x7c9e0b03d7505dad7e87777cd282628f75b2db3d,Sports,1788714568,2026-09-06T17:09:28+00:00,BUY,Yes,0,72621801395816285387287023038644294804034156442049239033233718190269428960842,0.0999672131,61.0,6.0979999991,0x3ac121c7022f1805cedcf81aa507a224c6c77037f6398816dd913e13cf428be8,wallet_activity_1.json,18
3093334,0x1d8f9398b0412678865cfc50aea7d49025b35e54a8a4fe1a223db45447e4138a,0x7c9e0b03d7505dad7e87777cd282628f75b2db3d,Politics,1788714559,2026-09-06T17:09:19+00:00,BUY,Yes,0,38714119439404106302972492485329196841151064566582021985293927113515226088434,0.001,10.0,0.01,0x06ecfc854126798888a8b5f11f108a9dcfd555ce66fb6d9f9216ea62811ad40d,wallet_activity_1.json,19
3093334,0x1d8f9398b0412678865cfc50aea7d49025b35e54a8a4fe1a223db45447e4138a,0x7c9e0b03d7505dad7e87777cd282628f75b2db3d,Politics,1788714559,2026-09-06T17:09:19+00:00,BUY,Yes,0,38714119439404106302972492485329196841151064566582021985293927113515226088434,0.001,6.61,0.00661,0x3508f794b985168a77e592319b1cd658bd72efc8def67c41c063ee720c430da0,wallet_activity_1.json,20
3093334,0x1d8f9398b0412678865cfc50aea7d49025b35e54a8a4fe1a223db45447e4138a,0x7c9e0b03d7505dad7e87777cd282628f75b2db3d,Politics,1788714559,2026-09-06T17:09:19+00:00,BUY,Yes,0,38714119439404106302972492485329196841151064566582021985293927113515226088434,0.001,6.01,0.00601,0xa1afb0320d080f401d7a7ed5c515dc37b64220dc2d27b69ba59dd8c61c697268,wallet_activity_1.json,21
3093334,0x1d8f9398b0412678865cfc50aea7d49025b35e54a8a4fe1a223db45447e4138a,0x7c9e0b03d7505dad7e87777cd282628f75b2db3d,Politics,1788713698,2026-09-06T16:54:58+00:00,BUY,Yes,0,38714119439404106302972492485329196841151064566582021985293927113515226088434,0.001,7.0,0.007,0xa0ffa2f5a42fe8f5587ee78bfbaa8f5ab766dfe5b6c2928562494a4294a6be22,wallet_activity_1.json,22
3093333,0xad485c0cfb6058e791ffd719ee3a99bf8ea241975704b5960041ec0fe017dadf,0x7c9e0b03d7505dad7e87777cd282628f75b2db3d,Politics,1788713698,2026-09-06T16:54:58+00:00,BUY,Yes,0,15405398991339441321159097205127205710401983212381106994044329484217618673332,0.04,5.0,0.2,0x0bb826ee58e75c1f756fe2e596bf86f75295d4bad93a87016218eb9b9402925d,wallet_activity_1.json,23
3093334,0x1d8f9398b0412678865cfc50aea7d49025b35e54a8a4fe1a223db45447e4138a,0x7c9e0b03d7505dad7e87777cd282628f75b2db3d,Politics,1788713698,2026-09-06T16:54:58+00:00,BUY,Yes,0,38714119439404106302972492485329196841151064566582021985293927113515226088434,0.001,5.16,0.0051600000000000005,0x780593d83bdfa7beb5d0e299a385c1660e28cb36c9dfcae510fa945203d9c450,wallet_activity_1.json,24
3093334,0x1d8f9398b0412678865cfc50aea7d49025b35e54a8a4fe1a223db45447e4138a,0x7c9e0b03d7505dad7e87777cd282628f75b2db3d,Politics,1788713559,2026-09-06T16:52:39+00:00,BUY,Yes,0,38714119439404106302972492485329196841151064566582021985293927113515226088434,0.001,7007.98,7.00798,0x4d7d39ce8c6295c4f68fdfd54f19c46c8b92371536b3c78f4e1a68d1901287f9,wallet_activity_1.json,25
3093333,0xad485c0cfb6058e791ffd719ee3a99bf8ea241975704b5960041ec0fe017dadf,0x7c9e0b03d7505dad7e87777cd282628f75b2db3d,Politics,1788713542,2026-09-06T16:52:22+00:00,BUY,Yes,0,15405398991339441321159097205127205710401983212381106994044329484217618673332,0.04,4.58,0.1832,0x2d2d89657e65e9bfddfec0bdbef139f2a74c7fa8dda4ff39f1abdc815459277c,wallet_activity_1.json,26
3093333,0xad485c0cfb6058e791ffd719ee3a99bf8ea241975704b5960041ec0fe017dadf,0x7c9e0b03d7505dad7e87777cd282628f75b2db3d,Politics,1788713542,2026-09-06T16:52:22+00:00,BUY,Yes,0,15405398991339441321159097205127205710401983212381106994044329484217618673332,0.04,0.42,0.0168,0x2e8647446e6a0853c5c69724c90d240ef976208fd219dbb7806d9ed8c4ad103e,wallet_activity_1.json,27
3093333,0xad485c0cfb6058e791ffd719ee3a99bf8ea241975704b5960041ec0fe017dadf,0x7c9e0b03d7505dad7e87777cd282628f75b2db3d,Politics,1788713542,2026-09-06T16:52:22+00:00,BUY,Yes,0,15405398991339441321159097205127205710401983212381106994044329484217618673332,0.05,15.0,0.75,0x2e8647446e6a0853c5c69724c90d240ef976208fd219dbb7806d9ed8c4ad103e,wallet_activity_1.json,28
3093333,0xad485c0cfb6058e791ffd719ee3a99bf8ea241975704b5960041ec0fe017dadf,0x7c9e0b03d7505dad7e87777cd282628f75b2db3d,Politics,1788713523,2026-09-06T16:52:03+00:00,BUY,Yes,0,15405398991339441321159097205127205710401983212381106994044329484217618673332,0.0101345232,667.84,6.768239973888001,0x972c350249a2c47f45f55919845b597e1944db75b63c5c537e3af3de22e05069,wallet_activity_1.json,29
3093334,0x1d8f9398b0412678865cfc50aea7d49025b35e54a8a4fe1a223db45447e4138a,0x7c9e0b03d7505dad7e87777cd282628f75b2db3d,Politics,1788713413,2026-09-06T16:50:13+00:00,BUY,Yes,0,38714119439404106302972492485329196841151064566582021985293927113515226088434,0.001,7418.89,7.41889,0x7ad81c5a399e2edb4091098910e1bdbbf5a478ed08793a0d40dc11d55cf37e86,wallet_activity_1.json,30
3093334,0x1d8f9398b0412678865cfc50aea7d49025b35e54a8a4fe1a223db45447e4138a,0x7c9e0b03d7505dad7e87777cd282628f75b2db3d,Politics,1788712464,2026-09-06T16:34:24+00:00,BUY,Yes,0,38714119439404106302972492485329196841151064566582021985293927113515226088434,0.001,63.6,0.0636,0xc2d7b5e4c84328805e020e64974fb4cb7af3cf2e814f8fb404dfdbe68d5cadab,wallet_activity_1.json,31
3093334,0x1d8f9398b0412678865cfc50aea7d49025b35e54a8a4fe1a223db45447e4138a,0x7c9e0b03d7505dad7e87777cd282628f75b2db3d,Politics,1788712462,2026-09-06T16:34:22+00:00,BUY,Yes,0,38714119439404106302972492485329196841151064566582021985293927113515226088434,0.001,124.804,0.124804,0xd995c18bb3c8c66e8eee1f6aefba67c026ac4fc94cb8c3ac7776d850077b534e,wallet_activity_1.json,32
3093334,0x1d8f9398b0412678865cfc50aea7d49025b35e54a8a4fe1a223db45447e4138a,0x7c9e0b03d7505dad7e87777cd282628f75b2db3d,Politics,1788712462,2026-09-06T16:34:22+00:00,BUY,Yes,0,38714119439404106302972492485329196841151064566582021985293927113515226088434,0.001,30.0,0.03,0xb4dcfa61e415d551c5821d49bedd8c3e48f5a2dc83e8c1ea964478a0f458836f,wallet_activity_1.json,33
3093334,0x1d8f9398b0412678865cfc50aea7d49025b35e54a8a4fe1a223db45447e4138a,0x7c9e0b03d7505dad7e87777cd282628f75b2db3d,Politics,1788712462,2026-09-06T16:34:22+00:00,BUY,Yes,0,38714119439404106302972492485329196841151064566582021985293927113515226088434,0.001,81.0,0.081,0xa026ebcfe6ee0ed0bab0e897bc585fb4b0fe8fa398b4fa5272399de3e26f6763,wallet_activity_1.json,34
3093334,0x1d8f9398b0412678865cfc50aea7d49025b35e54a8a4fe1a223db45447e4138a,0x7c9e0b03d7505dad7e87777cd282628f75b2db3d,Politics,1788712462,2026-09-06T16:34:22+00:00,BUY,Yes,0,38714119439404106302972492485329196841151064566582021985293927113515226088434,0.001,7.1,0.0070999999999999995,0xa0ef8245dacc1d2637b16e2557060623e22b4cf0e3fe6d6087d236bb7208fda7,wallet_activity_1.json,35
3093334,0x1d8f9398b0412678865cfc50aea7d49025b35e54a8a4fe1a223db45447e4138a,0x7c9e0b03d7505dad7e87777cd282628f75b2db3d,Politics,1788712462,2026-09-06T16:34:22+00:00,BUY,Yes,0,38714119439404106302972492485329196841151064566582021985293927113515226088434,0.001,10.0,0.01,0x5df5f8ff1f478fcff3170157cb602c7d1e7fa3fdf7ab20392246b8c1fd6cb55f,wallet_activity_1.json,36
3093334,0x1d8f9398b0412678865cfc50aea7d49025b35e54a8a4fe1a223db45447e4138a,0x7c9e0b03d7505dad7e87777cd282628f75b2db3d,Politics,1788712462,2026-09-06T16:34:22+00:00,BUY,Yes,0,38714119439404106302972492485329196841151064566582021985293927113515226088434,0.001,73.81,0.07381,0x43e85845671581df44f6d2fdc3e37e583f52455cad93e88ee58f072c1d25a108,wallet_activity_1.json,37
3093334,0x1d8f9398b0412678865cfc50aea7d49025b35e54a8a4fe1a223db45447e4138a,0x7c9e0b03d7505dad7e87777cd282628f75b2db3d,Politics,1788712462,2026-09-06T16:34:22+00:00,BUY,Yes,0,38714119439404106302972492485329196841151064566582021985293927113515226088434,0.001,30.0,0.03,0x2307563f952537cc13e1017c906853184e6caf528e41694d09ce40971e0b363d,wallet_activity_1.json,38
3093334,0x1d8f9398b0412678865cfc50aea7d49025b35e54a8a4fe1a223db45447e4138a,0x7c9e0b03d7505dad7e87777cd282628f75b2db3d,Politics,1788712462,2026-09-06T16:34:22+00:00,BUY,Yes,0,38714119439404106302972492485329196841151064566582021985293927113515226088434,0.001,10.0,0.01,0x8fd778d3baf19e5d43dcc98f57bdb6c98b3a5311ee25511b80064f1a587d5b84,wallet_activity_1.json,39
3093334,0x1d8f9398b0412678865cfc50aea7d49025b35e54a8a4fe1a223db45447e4138a,0x7c9e0b03d7505dad7e87777cd282628f75b2db3d,Politics,1788712462,2026-09-06T16:34:22+00:00,BUY,Yes,0,38714119439404106302972492485329196841151064566582021985293927113515226088434,0.001,30.1,0.030100000000000002,0x5c7c9b54b3117ce1158b82b7ccc6c41547d76d0bf2595117f935b6a488fbcb34,wallet_activity_1.json,40
3093334,0x1d8f9398b0412678865cfc50aea7d49025b35e54a8a4fe1a223db45447e4138a,0x7c9e0b03d7505dad7e87777cd282628f75b2db3d,Politics,1788712312,2026-09-06T16:31:52+00:00,BUY,Yes,0,38714119439404106302972492485329196841151064566582021985293927113515226088434,0.001,58.79,0.05879,0x58744da15a5247501c9a3ff0ac5f56603f94fedff1eb924186d5457705b85d7a,wallet_activity_1.json,41
3093334,0x1d8f9398b0412678865cfc50aea7d49025b35e54a8a4fe1a223db45447e4138a,0x7c9e0b03d7505dad7e87777cd282628f75b2db3d,Politics,1788711471,2026-09-06T16:17:51+00:00,BUY,Yes,0,38714119439404106302972492485329196841151064566582021985293927113515226088434,0.001,80.0,0.08,0x9abd717f9e9f26ad6f59e331bec0679a00269c5e01999e778f3f93c3a0c7b734,wallet_activity_1.json,42
3093334,0x1d8f9398b0412678865cfc50aea7d49025b35e54a8a4fe1a223db45447e4138a,0x7c9e0b03d7505dad7e87777cd282628f75b2db3d,Politics,1788711405,2026-09-06T16:16:45+00:00,BUY,Yes,0,38714119439404106302972492485329196841151064566582021985293927113515226088434,0.001,2.362,0.002362,0x81aa72f32c798c3e9144c87e3349b35b2a5af36f9a5a0340de1cb3529d425d8f,wallet_activity_1.json,43
3093334,0x1d8f9398b0412678865cfc50aea7d49025b35e54a8a4fe1a223db45447e4138a,0x7c9e0b03d7505dad7e87777cd282628f75b2db3d,Politics,1788711403,2026-09-06T16:16:43+00:00,BUY,Yes,0,38714119439404106302972492485329196841151064566582021985293927113515226088434,0.001,10.0,0.01,0xb89d717338de729298b69767a28135e45541a427a13271cbd4400c852823d0a9,wallet_activity_1.json,44
3093333,0xad485c0cfb6058e791ffd719ee3a99bf8ea241975704b5960041ec0fe017dadf,0x7c9e0b03d7505dad7e87777cd282628f75b2db3d,Politics,1788710940,2026-09-06T16:09:00+00:00,BUY,Yes,0,15405398991339441321159097205127205710401983212381106994044329484217618673332,0.006,31.74,0.19044,0x186cb2852adc5b4561aeea927653f6ce440947d1d315b9a167099fe8a6b469a7,wallet_activity_1.json,45
3093334,0x1d8f9398b0412678865cfc50aea7d49025b35e54a8a4fe1a223db45447e4138a,0x7c9e0b03d7505dad7e87777cd282628f75b2db3d,Politics,1788710940,2026-09-06T16:09:00+00:00,BUY,Yes,0,38714119439404106302972492485329196841151064566582021985293927113515226088434,0.001,32.47,0.03247,0x86a05f42c7e4f4a31d2e7d30d239daec4abb32089092bdb3951ee68f271c9572,wallet_activity_1.json,46
3093334,0x1d8f9398b0412678865cfc50aea7d49025b35e54a8a4fe1a223db45447e4138a,0x7c9e0b03d7505dad7e87777cd282628f75b2db3d,Politics,1788710940,2026-09-06T16:09:00+00:00,BUY,Yes,0,38714119439404106302972492485329196841151064566582021985293927113515226088434,0.001,40.0,0.04,0xfea0cbe36e4a2e6eca4333b7caae14b09efa70921ee9650d3092a93767e9848a,wallet_activity_1.json,47
3093333,0xad485c0cfb6058e791ffd719ee3a99bf8ea241975704b5960041ec0fe017dadf,0x7c9e0b03d7505dad7e87777cd282628f75b2db3d,Politics,1788710656,2026-09-06T16:04:16+00:00,BUY,Yes,0,15405398991339441321159097205127205710401983212381106994044329484217618673332,0.006,94.28,0.5656800000000001,0x49f476ec557be11bbb99c6065dcf5017b4d515b949fb6fa799612f3b5f7f9679,wallet_activity_1.json,48
3093334,0x1d8f9398b0412678865cfc50aea7d49025b35e54a8a4fe1a223db45447e4138a,0x7c9e0b03d7505dad7e87777cd282628f75b2db3d,Politics,1788710628,2026-09-06T16:03:48+00:00,BUY,Yes,0,38714119439404106302972492485329196841151064566582021985293927113515226088434,0.001,92.28,0.09228,0x6714972dbacd4f4df37478d85e451973d2471bab170f58b703f8e1993c8d4fbc,wallet_activity_1.json,49
3093333,0xad485c0cfb6058e791ffd719ee3a99bf8ea241975704b5960041ec0fe017dadf,0x7c9e0b03d7505dad7e87777cd282628f75b2db3d,Politics,1788710626,2026-09-06T16:03:46+00:00,BUY,Yes,0,15405398991339441321159097205127205710401983212381106994044329484217618673332,0.006,139.85,0.8391,0xe7a1d3bec44dedd7129f8194a6914b2a0e5d15346231f81f71d72f2e0684a9f1,wallet_activity_1.json,50
2362091,0xae074c234f1a96110ed755251295b11f990eafebef41cb4829600f93af37d4e7,0x7c9e0b03d7505dad7e87777cd282628f75b2db3d,Sports,1788710533,2026-09-06T16:02:13+00:00,SELL,Yes,0,98182250396823380988157675119207721791085174021274570948219314497111423146830,0.02,1.22,0.0244,0x63632a03abcaa6d4b54850910cffcb2bbb7082d8511a069efa66f147d1a8cc46,wallet_activity_1.json,51
3746332,0x15e8e337c1b6eba93721c73f97d4e058e8140867457878afb1f66a9ff827d507,0x7c9e0b03d7505dad7e87777cd282628f75b2db3d,Crypto,1788709987,2026-09-06T15:53:07+00:00,SELL,Yes,0,54630284739735506000230608981005502944559242711872080654914502098556532109227,0.13,10.0,1.3,0x41c542fa89b868b4fac82e189ff07e9406812e9d3e85df9c9c176f46a7b5bec3,wallet_activity_1.json,52
3093334,0x1d8f9398b0412678865cfc50aea7d49025b35e54a8a4fe1a223db45447e4138a,0x7c9e0b03d7505dad7e87777cd282628f75b2db3d,Politics,1788708790,2026-09-06T15:33:10+00:00,BUY,Yes,0,38714119439404106302972492485329196841151064566582021985293927113515226088434,0.001,4.734,0.004734,0x2bc96b9ba6b7f7d6ec6432de17fcfe5ff124e0e755625c92dc449cf0e06fe71e,wallet_activity_1.json,53
3093334,0x1d8f9398b0412678865cfc50aea7d49025b35e54a8a4fe1a223db45447e4138a,0x7c9e0b03d7505dad7e87777cd282628f75b2db3d,Politics,1788708387,2026-09-06T15:26:27+00:00,BUY,Yes,0,38714119439404106302972492485329196841151064566582021985293927113515226088434,0.001,1.991,0.001991,0x75d9745311c9a284e005fa8b9e560e9399d58bcdf53a5d8c251bcf929b15a9ee,wallet_activity_1.json,54
3093334,0x1d8f9398b0412678865cfc50aea7d49025b35e54a8a4fe1a223db45447e4138a,0x7c9e0b03d7505dad7e87777cd282628f75b2db3d,Politics,1788708387,2026-09-06T15:26:27+00:00,BUY,Yes,0,38714119439404106302972492485329196841151064566582021985293927113515226088434,0.001,8.0,0.008,0x5838aa42382d630d389ac963c8b6b42d8547e3edd2419ba117e67dd15dd65470,wallet_activity_1.json,55
2641011,0x052776dbb92aa02fdb1f21a415a52cc422f2fd996eda91f717a1d7e1a751b633,0x7c9e0b03d7505dad7e87777cd282628f75b2db3d,Geopolitics,1788707527,2026-09-06T15:12:07+00:00,BUY,Yes,0,28519177000853426849037858127506476433683645484711259381930105157487202338593,0.01,36.0,0.36,0xe495cc6745aa02f6a237eb793ad4c435957b0d6e0a4a54406a673a0923cd7aa3,wallet_activity_1.json,56
1486007,0xe2d7af6dcea0934472bd9a4c5daa0e5a3a81e855a00a752e81c58c751202c5e5,0x7c9e0b03d7505dad7e87777cd282628f75b2db3d,Crypto,1788707250,2026-09-06T15:07:30+00:00,SELL,Yes,0,79012837478741261204783118916476725805801340321895430266240722230048812271022,0.06,50.0,3.0,0x0c3e3efab8e40b995490c2cb8ba8a8a0199f3a53033dbd371ebf0200728af135,wallet_activity_1.json,57
3697950,0xc10ee0b05781ed0f6f0c262ae9e45fe0f3126f9aaeaf8bd5bd329c7a8de79dc0,0x7c9e0b03d7505dad7e87777cd282628f75b2db3d,Crypto,1788707193,2026-09-06T15:06:33+00:00,SELL,Yes,0,79989499185741435514510598723271369097494236002682285658466461821042180015823,0.06,50.0,3.0,0x4c8377e5c9a9594637b6d1b139716fc146f39d9bd9ffc6bac7d121eec122a61c,wallet_activity_1.json,58
1845994,0xa0728c5221ceec3cd1a6de7d8b54fb671385d355794f4da6c9cc8e2fa4d56aab,0x7c9e0b03d7505dad7e87777cd282628f75b2db3d,Crypto,1788707119,2026-09-06T15:05:19+00:00,SELL,Yes,0,18167956002468007809480540405571992544773198610153812256209604337681702974170,0.06,6.98,0.4188,0x170e407149522827f1b55fd5db3c7c53a4d84243ec52adec2aca239031538bbc,wallet_activity_1.json,59
1294071,0x0800eeedda0095fceb054629b0afcba25d092c090298d12395f296e1dade207c,0x7c9e0b03d7505dad7e87777cd282628f75b2db3d,Crypto,1788707092,2026-09-06T15:04:52+00:00,SELL,Yes,0,89673811110871904695582221606485502711611940893580906524580637313142004928384,0.04,19.98,0.7992,0xd4b3c77f161c1a8256fa508f7e326074367d8cb19205999804e2feaf3460f4d4,wallet_activity_1.json,60
3722610,0x3bc39e987416d6af54a6d0929cf80d50de710a20da3bbe78fe4f5bcdb1c565a2,0x7c9e0b03d7505dad7e87777cd282628f75b2db3d,Crypto,1788706996,2026-09-06T15:03:16+00:00,SELL,Yes,0,70026586487361873702857871557182843803998278276084145028492391299531608178856,0.04,50.0,2.0,0xd59313affc33840a2181234291babd9b86e0bea72f2f933173dac2ad29dbbc8a,wallet_activity_1.json,61
3093333,0xad485c0cfb6058e791ffd719ee3a99bf8ea241975704b5960041ec0fe017dadf,0x7c9e0b03d7505dad7e87777cd282628f75b2db3d,Politics,1788706872,2026-09-06T15:01:12+00:00,BUY,Yes,0,15405398991339441321159097205127205710401983212381106994044329484217618673332,0.006,5.18,0.03108,0x96dfd75a4e2e1a24e7e71eace47bbea8a4f0a4e8c3fee855c7d3da26ff22e669,wallet_activity_1.json,62
3093333,0xad485c0cfb6058e791ffd719ee3a99bf8ea241975704b5960041ec0fe017dadf,0x7c9e0b03d7505dad7e87777cd282628f75b2db3d,Politics,1788706872,2026-09-06T15:01:12+00:00,BUY,Yes,0,15405398991339441321159097205127205710401983212381106994044329484217618673332,0.006,5.13,0.03078,0x7b5658fc68135862aafae4443eeb242ab74c61d46d24c47b56727bbe08297f3d,wallet_activity_1.json,63
3093334,0x1d8f9398b0412678865cfc50aea7d49025b35e54a8a4fe1a223db45447e4138a,0x7c9e0b03d7505dad7e87777cd282628f75b2db3d,Politics,1788706872,2026-09-06T15:01:12+00:00,BUY,Yes,0,38714119439404106302972492485329196841151064566582021985293927113515226088434,0.001,68.578,0.068578,0xd8c855226dec27988d091278f2efd32d9a4b0b41a0ad2a597623943d1e4820b2,wallet_activity_1.json,64
3093334,0x1d8f9398b0412678865cfc50aea7d49025b35e54a8a4fe1a223db45447e4138a,0x7c9e0b03d7505dad7e87777cd282628f75b2db3d,Politics,1788706872,2026-09-06T15:01:12+00:00,BUY,Yes,0,38714119439404106302972492485329196841151064566582021985293927113515226088434,0.001,5.13,0.00513,0xf30013ab27ff42dd043d02347cbe5ffa03e645cb70545dafd31e7753dad3c336,wallet_activity_1.json,65
3093333,0xad485c0cfb6058e791ffd719ee3a99bf8ea241975704b5960041ec0fe017dadf,0x7c9e0b03d7505dad7e87777cd282628f75b2db3d,Politics,1788706872,2026-09-06T15:01:12+00:00,BUY,Yes,0,15405398991339441321159097205127205710401983212381106994044329484217618673332,0.006,30.55,0.18330000000000002,0x097f7b014cf8509ca1f9d28b616a72e92b4014acbc4f42bb9f30a981a2d14d04,wallet_activity_1.json,66
3093333,0xad485c0cfb6058e791ffd719ee3a99bf8ea241975704b5960041ec0fe017dadf,0x7c9e0b03d7505dad7e87777cd282628f75b2db3d,Politics,1788706872,2026-09-06T15:01:12+00:00,BUY,Yes,0,15405398991339441321159097205127205710401983212381106994044329484217618673332,0.006,52.42,0.31452,0xf68cb6fbea8e4e173bd4174443f7a1949d96fa6ed48d78f277b7c345eaa03e68,wallet_activity_1.json,67
3093334,0x1d8f9398b0412678865cfc50aea7d49025b35e54a8a4fe1a223db45447e4138a,0x7c9e0b03d7505dad7e87777cd282628f75b2db3d,Politics,1788706872,2026-09-06T15:01:12+00:00,BUY,Yes,0,38714119439404106302972492485329196841151064566582021985293927113515226088434,0.001,52.42,0.05242,0xa5e70ac369ca85d5053b3eff87a2e40db54bd79c825317f38456acd2260b070a,wallet_activity_1.json,68
3093333,0xad485c0cfb6058e791ffd719ee3a99bf8ea241975704b5960041ec0fe017dadf,0x7c9e0b03d7505dad7e87777cd282628f75b2db3d,Politics,1788706872,2026-09-06T15:01:12+00:00,BUY,Yes,0,15405398991339441321159097205127205710401983212381106994044329484217618673332,0.006,68.571333,0.41142799799999996,0x4197a52e2e78a7ab9f30088fe137724c3daa72ba1acc3d185b5651d5b29c2397,wallet_activity_1.json,69
3093333,0xad485c0cfb6058e791ffd719ee3a99bf8ea241975704b5960041ec0fe017dadf,0x7c9e0b03d7505dad7e87777cd282628f75b2db3d,Politics,1788706872,2026-09-06T15:01:12+00:00,BUY,Yes,0,15405398991339441321159097205127205710401983212381106994044329484217618673332,0.006,24.15,0.1449,0xf2211ef626d3d8234d0fad63e96d410ea19023c6a0158a2882f6059941dfbb83,wallet_activity_1.json,70
3093334,0x1d8f9398b0412678865cfc50aea7d49025b35e54a8a4fe1a223db45447e4138a,0x7c9e0b03d7505dad7e87777cd282628f75b2db3d,Politics,1788706872,2026-09-06T15:01:12+00:00,BUY,Yes,0,38714119439404106302972492485329196841151064566582021985293927113515226088434,0.001,5.18,0.00518,0x041fbf77f21e243ace132564c15e3753782cf4843b5a55fff070a85f9c664cca,wallet_activity_1.json,71
3093333,0xad485c0cfb6058e791ffd719ee3a99bf8ea241975704b5960041ec0fe017dadf,0x7c9e0b03d7505dad7e87777cd282628f75b2db3d,Politics,1788706872,2026-09-06T15:01:12+00:00,BUY,Yes,0,15405398991339441321159097205127205710401983212381106994044329484217618673332,0.006,40.0,0.24,0x0834eb55dd80be35f881e7a8de423434d9c8dcb42d305c599a5d4486f251cc52,wallet_activity_1.json,72
3093334,0x1d8f9398b0412678865cfc50aea7d49025b35e54a8a4fe1a223db45447e4138a,0x7c9e0b03d7505dad7e87777cd282628f75b2db3d,Politics,1788706872,2026-09-06T15:01:12+00:00,BUY,Yes,0,38714119439404106302972492485329196841151064566582021985293927113515226088434,0.001,24.15,0.024149999999999998,0xa0294d0ef58e8f3df4580dcbb79f0ea13d6f043a71be0e1657386b3b041fffc3,wallet_activity_1.json,73
3093334,0x1d8f9398b0412678865cfc50aea7d49025b35e54a8a4fe1a223db45447e4138a,0x7c9e0b03d7505dad7e87777cd282628f75b2db3d,Politics,1788706872,2026-09-06T15:01:12+00:00,BUY,Yes,0,38714119439404106302972492485329196841151064566582021985293927113515226088434,0.001,40.0,0.04,0xdbf3e9a3c1b1074de51348a1ae4813168968957f62f8530f3ded369ce4075f33,wallet_activity_1.json,74
3093334,0x1d8f9398b0412678865cfc50aea7d49025b35e54a8a4fe1a223db45447e4138a,0x7c9e0b03d7505dad7e87777cd282628f75b2db3d,Politics,1788706872,2026-09-06T15:01:12+00:00,BUY,Yes,0,38714119439404106302972492485329196841151064566582021985293927113515226088434,0.001,30.55,0.03055,0x97144e3cc6adcd54547642ad32102f2199978b87de0e633314377afda168d602,wallet_activity_1.json,75
3093333,0xad485c0cfb6058e791ffd719ee3a99bf8ea241975704b5960041ec0fe017dadf,0x7c9e0b03d7505dad7e87777cd282628f75b2db3d,Politics,1788706321,2026-09-06T14:52:01+00:00,BUY,Yes,0,15405398991339441321159097205127205710401983212381106994044329484217618673332,0.006,5.0,0.03,0x2f3dd8d8bcd5d84992914c24137bf69891f92d16159088feb893e31941613f65,wallet_activity_1.json,76
3093333,0xad485c0cfb6058e791ffd719ee3a99bf8ea241975704b5960041ec0fe017dadf,0x7c9e0b03d7505dad7e87777cd282628f75b2db3d,Politics,1788706321,2026-09-06T14:52:01+00:00,BUY,Yes,0,15405398991339441321159097205127205710401983212381106994044329484217618673332,0.006,10.0,0.06,0x73eb168c0dc5e325b745a3f9fb59af78eb7f33fcbfdefe6875fa4cae1f16ec45,wallet_activity_1.json,77
3093333,0xad485c0cfb6058e791ffd719ee3a99bf8ea241975704b5960041ec0fe017dadf,0x7c9e0b03d7505dad7e87777cd282628f75b2db3d,Politics,1788706321,2026-09-06T14:52:01+00:00,BUY,Yes,0,15405398991339441321159097205127205710401983212381106994044329484217618673332,0.006,10.0,0.06,0x2dfb05e2ba1c80c17bb662770e163d466c0093562f1da7880c2b4bc1738f880f,wallet_activity_1.json,78
3093334,0x1d8f9398b0412678865cfc50aea7d49025b35e54a8a4fe1a223db45447e4138a,0x7c9e0b03d7505dad7e87777cd282628f75b2db3d,Politics,1788706321,2026-09-06T14:52:01+00:00,BUY,Yes,0,38714119439404106302972492485329196841151064566582021985293927113515226088434,0.001,10.0,0.01,0x4c3a49f4999da2dd6869c409d35d2b7237e0e29bce38a8417d957be3d2e80b79,wallet_activity_1.json,79
3093334,0x1d8f9398b0412678865cfc50aea7d49025b35e54a8a4fe1a223db45447e4138a,0x7c9e0b03d7505dad7e87777cd282628f75b2db3d,Politics,1788706321,2026-09-06T14:52:01+00:00,BUY,Yes,0,38714119439404106302972492485329196841151064566582021985293927113515226088434,0.001,4.994,0.004994,0x3c610f05738702ca040d5f236558af9c1a1d5d09ceded44b77596eddff15d604,wallet_activity_1.json,80
3093334,0x1d8f9398b0412678865cfc50aea7d49025b35e54a8a4fe1a223db45447e4138a,0x7c9e0b03d7505dad7e87777cd282628f75b2db3d,Politics,1788706321,2026-09-06T14:52:01+00:00,BUY,Yes,0,38714119439404106302972492485329196841151064566582021985293927113515226088434,0.001,10.0,0.01,0x0350924669bd2e96292b60bdcc713313f92d7ebd420b63aa814e2a4615ca53f8,wallet_activity_1.json,81
3093333,0xad485c0cfb6058e791ffd719ee3a99bf8ea241975704b5960041ec0fe017dadf,0x7c9e0b03d7505dad7e87777cd282628f75b2db3d,Politics,1788706285,2026-09-06T14:51:25+00:00,BUY,Yes,0,15405398991339441321159097205127205710401983212381106994044329484217618673332,0.0060000001,62.535166,0.37521100225351656,0x55d08872e49f00956f31503e2c22c0053d06da24ebaf14adc806ccf49f6e1a9b,wallet_activity_1.json,82
3093333,0xad485c0cfb6058e791ffd719ee3a99bf8ea241975704b5960041ec0fe017dadf,0x7c9e0b03d7505dad7e87777cd282628f75b2db3d,Politics,1788706285,2026-09-06T14:51:25+00:00,BUY,Yes,0,15405398991339441321159097205127205710401983212381106994044329484217618673332,0.006,9.12,0.05472,0xcf0630f8d143e9c3354b6e99da9685c6058c9a0fc8a8efe6db018203f174a230,wallet_activity_1.json,83
3093333,0xad485c0cfb6058e791ffd719ee3a99bf8ea241975704b5960041ec0fe017dadf,0x7c9e0b03d7505dad7e87777cd282628f75b2db3d,Politics,1788706285,2026-09-06T14:51:25+00:00,BUY,Yes,0,15405398991339441321159097205127205710401983212381106994044329484217618673332,0.006,6.8,0.0408,0x416dc7102272d83ba9a5a90f5dc95103cc4a5b1f3fe397caeff58f309c56f3de,wallet_activity_1.json,84
3093334,0x1d8f9398b0412678865cfc50aea7d49025b35e54a8a4fe1a223db45447e4138a,0x7c9e0b03d7505dad7e87777cd282628f75b2db3d,Politics,1788706285,2026-09-06T14:51:25+00:00,BUY,Yes,0,38714119439404106302972492485329196841151064566582021985293927113515226088434,0.001,36.53,0.03653,0xef8af19bceeb57f6bca8daffa4dd634c2ee7e8bc887416dd39b7a4efb5181ad5,wallet_activity_1.json,85
3093334,0x1d8f9398b0412678865cfc50aea7d49025b35e54a8a4fe1a223db45447e4138a,0x7c9e0b03d7505dad7e87777cd282628f75b2db3d,Politics,1788706285,2026-09-06T14:51:25+00:00,BUY,Yes,0,38714119439404106302972492485329196841151064566582021985293927113515226088434,0.001,9.12,0.00912,0x177348294bdcdb02792ea5aad81d64ccfd7d2a1aa2bb7d70f8ac99ec779983d9,wallet_activity_1.json,86
3093333,0xad485c0cfb6058e791ffd719ee3a99bf8ea241975704b5960041ec0fe017dadf,0x7c9e0b03d7505dad7e87777cd282628f75b2db3d,Politics,1788706285,2026-09-06T14:51:25+00:00,BUY,Yes,0,15405398991339441321159097205127205710401983212381106994044329484217618673332,0.006,83.88,0.50328,0x07da3bd3f65251edda89d1b7b1910398653b2ce497c15259c18bc2407ea3dc5d,wallet_activity_1.json,87
3093334,0x1d8f9398b0412678865cfc50aea7d49025b35e54a8a4fe1a223db45447e4138a,0x7c9e0b03d7505dad7e87777cd282628f75b2db3d,Politics,1788706285,2026-09-06T14:51:25+00:00,BUY,Yes,0,38714119439404106302972492485329196841151064566582021985293927113515226088434,0.001,62.532,0.062532,0xe6e319c657f1e76187aecf89b0f444ec99dceb734e13041e635126c156feba8f,wallet_activity_1.json,88
3093334,0x1d8f9398b0412678865cfc50aea7d49025b35e54a8a4fe1a223db45447e4138a,0x7c9e0b03d7505dad7e87777cd282628f75b2db3d,Politics,1788706285,2026-09-06T14:51:25+00:00,BUY,Yes,0,38714119439404106302972492485329196841151064566582021985293927113515226088434,0.001,6.8,0.0068,0x30fc9145aa2e16273be68ca228b5f1d4fe0b08be9b415a68c024eeb174bd9d03,wallet_activity_1.json,89
3093334,0x1d8f9398b0412678865cfc50aea7d49025b35e54a8a4fe1a223db45447e4138a,0x7c9e0b03d7505dad7e87777cd282628f75b2db3d,Politics,1788706285,2026-09-06T14:51:25+00:00,BUY,Yes,0,38714119439404106302972492485329196841151064566582021985293927113515226088434,0.001,83.88,0.08388,0xe67938f61951913d80a61e56fcede4efcec476bc50e9bd38c3f899676e711bc6,wallet_activity_1.json,90
3093333,0xad485c0cfb6058e791ffd719ee3a99bf8ea241975704b5960041ec0fe017dadf,0x7c9e0b03d7505dad7e87777cd282628f75b2db3d,Politics,1788706285,2026-09-06T14:51:25+00:00,BUY,Yes,0,15405398991339441321159097205127205710401983212381106994044329484217618673332,0.006,40.0,0.24,0xbacfa16f40ebe9e00eeef19dab0609d610249e76ff55c8bdd6172d3f26e56800,wallet_activity_1.json,91
3093333,0xad485c0cfb6058e791ffd719ee3a99bf8ea241975704b5960041ec0fe017dadf,0x7c9e0b03d7505dad7e87777cd282628f75b2db3d,Politics,1788706285,2026-09-06T14:51:25+00:00,BUY,Yes,0,15405398991339441321159097205127205710401983212381106994044329484217618673332,0.006,110.0,0.66,0x5089e99ce5fe0fae49b72596bed1ad913b6b71ce880db7825ad2324b98711d00,wallet_activity_1.json,92
3093334,0x1d8f9398b0412678865cfc50aea7d49025b35e54a8a4fe1a223db45447e4138a,0x7c9e0b03d7505dad7e87777cd282628f75b2db3d,Politics,1788706285,2026-09-06T14:51:25+00:00,BUY,Yes,0,38714119439404106302972492485329196841151064566582021985293927113515226088434,0.001,40.0,0.04,0x7e650de1fcf57416def7baf32c1af735b280672ffcd087e8cfa29a50b0fa6599,wallet_activity_1.json,93
3093333,0xad485c0cfb6058e791ffd719ee3a99bf8ea241975704b5960041ec0fe017dadf,0x7c9e0b03d7505dad7e87777cd282628f75b2db3d,Politics,1788706284,2026-09-06T14:51:24+00:00,BUY,Yes,0,15405398991339441321159097205127205710401983212381106994044329484217618673332,0.006,36.53,0.21918,0x8cbc469c51f55d5b3bfa12622fc17bdee789de089ca670e53f1ae204b5850a5e,wallet_activity_1.json,94
3093334,0x1d8f9398b0412678865cfc50aea7d49025b35e54a8a4fe1a223db45447e4138a,0x7c9e0b03d7505dad7e87777cd282628f75b2db3d,Politics,1788705948,2026-09-06T14:45:48+00:00,BUY,Yes,0,38714119439404106302972492485329196841151064566582021985293927113515226088434,0.001,10.0,0.01,0x979412940b3b71ef4917b13d3e578356d1e9c95de29ba883583a5b6b02d79d76,wallet_activity_1.json,95
3093334,0x1d8f9398b0412678865cfc50aea7d49025b35e54a8a4fe1a223db45447e4138a,0x7c9e0b03d7505dad7e87777cd282628f75b2db3d,Politics,1788705948,2026-09-06T14:45:48+00:00,BUY,Yes,0,38714119439404106302972492485329196841151064566582021985293927113515226088434,0.001,52.42,0.05242,0xb6f8c466ebbe0c70b74848225777c4702236d2bde2a500bd330c0f21c9d5799d,wallet_activity_1.json,96
3093333,0xad485c0cfb6058e791ffd719ee3a99bf8ea241975704b5960041ec0fe017dadf,0x7c9e0b03d7505dad7e87777cd282628f75b2db3d,Politics,1788705946,2026-09-06T14:45:46+00:00,BUY,Yes,0,15405398991339441321159097205127205710401983212381106994044329484217618673332,0.006,10.0,0.06,0xbb77fe11a0fa74fc6deeadee2381f129d75fc25f47c71f735b38f15730ddc906,wallet_activity_1.json,97
3093334,0x1d8f9398b0412678865cfc50aea7d49025b35e54a8a4fe1a223db45447e4138a,0x7c9e0b03d7505dad7e87777cd282628f75b2db3d,Politics,1788705946,2026-09-06T14:45:46+00:00,BUY,Yes,0,38714119439404106302972492485329196841151064566582021985293927113515226088434,0.001,14.724,0.014724000000000001,0xecad3860ee4d755f70e1e123c4bb373e24e86e411e7b28633ebed21f5e3cea09,wallet_activity_1.json,98
3093333,0xad485c0cfb6058e791ffd719ee3a99bf8ea241975704b5960041ec0fe017dadf,0x7c9e0b03d7505dad7e87777cd282628f75b2db3d,Politics,1788705946,2026-09-06T14:45:46+00:00,BUY,Yes,0,15405398991339441321159097205127205710401983212381106994044329484217618673332,0.006,52.42,0.31452,0xf9587f69897db7af8f139b17050ca5769cf2316f6f9b03b45cb5c2d7643da3f4,wallet_activity_1.json,99
